workload	property	short_name	kind_arg	extra_features
arrayvec	ExtendPanicsOnOverflow	extend_silent_truncate	marauders:extend_silent_truncate_a554ea2_1	etna
arrayvec	InsertAtLengthSucceeds	insert_bound_off_by_one	marauders:insert_bound_off_by_one_2a1378d_1	etna
arroy	BqLenMatchesIter	bq_len_bits_vs_bytes	patch:patches/bq_len_bits_vs_bytes_facc857_1.patch	
arroy	CosineDistanceInUnit	cosine_distance_no_clamp	patch:patches/cosine_distance_no_clamp_6a09118_1.patch	
arroy	BqEuclidSelfDistanceZero	bq_euclid_self_distance_or_not_xor	patch:patches/bq_euclid_self_distance_or_not_xor_47fd2bd_1.patch	
bitvec-rs	SplitAtMutAcceptsLen	split_at_mut_rejects_len	patch:patches/split_at_mut_rejects_len_c71ea23_1.patch	
bitvec-rs	VecInsertAcceptsEnd	vec_insert_rejects_end	patch:patches/vec_insert_rejects_end_8e48751_1.patch	
bitvec-rs	LeadingTrailingFallback	leading_trailing_homogeneous	patch:patches/leading_trailing_homogeneous_b08c4bd_1.patch	
bitvec-rs	BitvecPartialCmpMatches	bitvec_partial_cmp_reversed	patch:patches/bitvec_partial_cmp_reversed_f3d5b43_1.patch	
bitvec-rs	CloneFromBitsliceCopiesSrc	clone_from_bitslice_src_bug	patch:patches/clone_from_bitslice_src_bug_935cad8_1.patch	
bitvec-rs	OctalFmtNoPanic	octal_fmt_buffer_size	patch:patches/octal_fmt_buffer_size_aeef0be_1.patch	
bstr	SplitnBounded	splitn_trailing_empty	patch:patches/splitn_trailing_empty_aed424a_1.patch	
bstr	CowPartialeqBstr	cow_partialeq_self_compare	patch:patches/cow_partialeq_self_compare_b2111b6_1.patch	
bstr	DebugValidFffdPreserved	debug_fffd_not_escaped	patch:patches/debug_fffd_not_escaped_eafb495_1.patch	
bstr	DebugAsciiControlHex	debug_control_chars_x1a	patch:patches/debug_control_chars_x1a_732fc99_1.patch	
bstr	DebugHexLowercase	debug_hex_uppercase	patch:patches/debug_hex_uppercase_af99a6e_1.patch	
buf-list	ReadExactPosOnEof	read_exact_pos_on_eof	patch:patches/read_exact_pos_on_eof_b58396d_1.patch	
bytes	GetIntZeroNbytes	sign_extend_zero_nbytes	patch:patches/sign_extend_zero_nbytes_acd1e0f_1.patch	etna
bytes	GetIntSignExtension	get_int_sign_extension	patch:patches/get_int_sign_extension_79fb853_1.patch	etna
bytes	ChainRemainingSaturating	chain_remaining_saturating	patch:patches/chain_remaining_saturating_2428c15_1.patch	etna
bytes	PartialordBytesReversed	partialord_bytes_reversed	patch:patches/partialord_bytes_reversed_939a5ed_1.patch	etna
bytes	SliceRefEmpty	slice_ref_empty	patch:patches/slice_ref_empty_f330ef6_1.patch	etna
crc32fast	CombineZeroLengthIdentity	combine_zero_length_identity	marauders:combine_zero_length_identity_724ceb6_1	etna
encoding_rs	ShortBufferEncodeNoPanic	ncr_short_buffer_panic	patch:patches/ncr_short_buffer_panic_234bf08_1.patch	
encoding_rs	ShortBufferEncodeUtf16NoPanic	encode_utf16_ncr_spill_panic	patch:patches/encode_utf16_ncr_spill_panic_d894e27_1.patch	
fast-float2	DecimalRoundtripF64	decimal_trailing_zeros	marauders:decimal_trailing_zeros_56ac048_1	
half	F16MaxMinNan	max_min_nan_handling	marauders:max_min_nan_handling_a61f31b_1	faultloc
half	F16OrdSignMagnitude	partial_cmp_sign_magnitude	patch:patches/partial_cmp_sign_magnitude_22b5bd6_1.patch	faultloc
half	F16SubnormalRoundtrip	subnormal_conversion	patch:patches/subnormal_conversion_18e6467_1.patch	faultloc
hashbrown	RehashPanicLength	rehash_panic_length	patch:patches/rehash_panic_length_6cb0eb5_1.patch	etna
hex	FromHexRejectsWhitespace	from_hex_accepts_whitespace	marauders:from_hex_accepts_whitespace_71c83f2_1	etna
hex	InvalidCharErrorDisplayEscaped	invalid_char_display_raw	marauders:invalid_char_display_raw_764ee61_1	etna
httparse	ChunkSizeMatchesOracle	chunk_size_overflow	patch:patches/chunk_size_overflow_34efc1e_1.patch	
httparse	RequestMethodIsValid	method_leading_space	patch:patches/method_leading_space_9f6702b_1.patch	
httparse	RequestMethodIsValid	invalid_token_delim	patch:patches/invalid_token_delim_498de3f_1.patch	
httparse	RequestHeaderValuePreserves	header_value_htab	patch:patches/header_value_htab_59a9fd1_1.patch	
httparse	RequestPathPreserves	backslash_in_uri	patch:patches/backslash_in_uri_1a791f4_1.patch	
httparse	ResponseHeaderNamesAreTokens	response_no_reason	patch:patches/response_no_reason_c0631f2_1.patch	
im-rs	PathNextBacktrack	path_next_backtrack	patch:patches/path_next_backtrack_41d99725_1.patch	
im-rs	RangeOffByOne	range_off_by_one	patch:patches/range_off_by_one_3f4e01a4_1.patch	
im-rs	RrbDebugPop	rrb_debug_pop	patch:patches/rrb_debug_pop_1209e823_1.patch	
im-rs	RrbDensityCheck	rrb_density_check	patch:patches/rrb_density_check_cb431a6_1.patch	
im-rs	PtrEqPrecedence	ptr_eq_precedence	patch:patches/ptr_eq_precedence_f744912_1.patch	
im-rs	EqSingleChunk	eq_single_chunk	patch:patches/eq_single_chunk_005193a_1.patch	
indexmap	ReversePreservesLookup	reverse_indices_offbyone	patch:patches/reverse_indices_offbyone_a442475_1.patch	
itertools	MergeJoinSizeHintOverflow	merge_join_size_hint_overflow	patch:patches/merge_join_size_hint_overflow_9f41c18_1.patch	etna
itertools	CombinationsZero	combinations_zero_empty	patch:patches/combinations_zero_empty_13aa10e_1.patch	etna
itertools	CwrSizeHintOverflow	cwr_remaining_overflow	patch:patches/cwr_remaining_overflow_c13ee58_1.patch	etna
mime	SubtypeWithPlus	subtype_with_plus	marauders:subtype_with_plus_5ebf32e_1	
mime	StripEmptyParams	strip_empty_params	marauders:strip_empty_params_7a39824_1	
mime	OwsBeforeSemicolon	ows_before_semicolon	patch:patches/ows_before_semicolon_2e0268e_1.patch	
mime	QuotedVsUnquotedParamEq	quoted_vs_unquoted_param_eq	patch:patches/quoted_vs_unquoted_param_eq_0bba696_1.patch	
nom-rs	Multispace0ConsumesAllWhitespace	multispace0_consumes_all_whitespace	patch:patches/multispace0_consumes_all_whitespace_51c3c4e_1.patch	alloc
nom-rs	FloatParsesInfinityFully	float_parses_infinity_fully	patch:patches/float_parses_infinity_fully_63def4e_1.patch	alloc
nom-rs	CountHandlesZeroSizedOutput	count_handles_zero_sized_output	patch:patches/count_handles_zero_sized_output_931bcf0_1.patch	alloc
num-bigint	IsMultipleOfZero	is_multiple_of_zero	patch:patches/is_multiple_of_zero_016c04a_1.patch	
num-bigint	MulSquareAllOnes	mac3_all_zero	patch:patches/mac3_all_zero_0940e50_1.patch	
num-bigint	MulSquareAllOnes	mul_undersized_buffer	patch:patches/mul_undersized_buffer_8008707_1.patch	
num-bigint	NegIsizeAddassign	neg_isize_promotion	patch:patches/neg_isize_promotion_3b13d9a_1.patch	
num-bigint	ScalarDivByZeroPanics	scalar_div_zero	patch:patches/scalar_div_zero_5dcf2a1_1.patch	
ordered-float	HashMatchesEq	hash_signed_zero	patch:patches/hash_signed_zero_3aa8aa5_1.patch	
ordered-float	NotnanBinopNoNan	notnan_binop_skip_nan_check	patch:patches/notnan_binop_skip_nan_check_8d56a3c_1.patch	
ordered-float	PartialCmpMatchesCmp	partial_cmp_delegates_to_inner	patch:patches/partial_cmp_delegates_to_inner_184a381_1.patch	
ordered-float	AssignPanicSafe	notnan_assign_not_panic_safe	patch:patches/notnan_assign_not_panic_safe_c55cda3_1.patch	
rangemap	CoalesceNoAdjacentSameValue	coalesce_contiguous	marauders:coalesce_contiguous_d1999f4_1	etna
rangemap	PartialEqMatchesIterEq	partialeq_map	marauders:partialeq_map_b3a59e6_1	etna
rangemap	InclusiveEqMatchesIterEq	inclusive_equality	marauders:inclusive_equality_a6cdac3_1	etna
rangemap	OverlappingReversible	overlapping_backwards	marauders:overlapping_backwards_6df612f_1	etna
regex	GcNeSeparatorNegation	unicode_named_value_negation	patch:patches/unicode_named_value_negation_c4865a0_1.patch	
regex	CaptureLocationsGetOverflow	captures_get_group_overflow	patch:patches/captures_get_group_overflow_ab76b86_1.patch	
regex	AlternationLiteralFromAlt	alternation_literal_from_alt	patch:patches/alternation_literal_from_alt_33898de_1.patch	
ropey	LinesMatchModel	lines_empty_total_lines	patch:patches/lines_empty_total_lines_faf6738_1.patch	
ropey	RopeHashChunkInvariant	rope_hash_chunk_boundary	patch:patches/rope_hash_chunk_boundary_fef5be9_1.patch	
ropey	Utf16CharRoundtrip	utf16_code_unit_conversion	patch:patches/utf16_code_unit_conversion_c0af16b_1.patch	
ropey	RopeBuilderDefaultBuild	rope_builder_default_empty_stack	patch:patches/rope_builder_default_empty_stack_dfcac8b_1.patch	
rust-base64	BinhexAlphabetMatchesSpec	binhex_alphabet	patch:patches/binhex_alphabet_838355e_1.patch	
rust-base64	DecodedLenEstimateDoesNotPanic	decoded_len_overflow	patch:patches/decoded_len_overflow_fa47981_1.patch	
rust-csv	ResetClearsOutputPosition	core_reader_reset_output_pos_zero	patch:patches/core_reader_reset_output_pos_zero_066de4a_1.patch	
rust-csv	TrimAllAppliesWithoutHeaders	reader_trim_all_without_headers	patch:patches/reader_trim_all_without_headers_ce01ae7_1.patch	
rust-csv	WriterCommentCharAutoQuote	writer_comment_char_auto_quote	patch:patches/writer_comment_char_auto_quote_0f64d3f_1.patch	
rust-csv	ByteRecordEqMatchesFields	byte_record_eq_field_boundaries	patch:patches/byte_record_eq_field_boundaries_efc4a51_1.patch	
rust-csv	ByteRecordEqMatchesFields	byte_record_eq_length_check	patch:patches/byte_record_eq_length_check_23fb0cd_1.patch	
rust-csv	CommentOnlyAtRecordStart	core_reader_comment_only_at_record_start	patch:patches/core_reader_comment_only_at_record_start_a5745ba_1.patch	
rust-csv	DeserializeByteBufAcceptsNonUtf8	deserialize_byte_buf_bypasses_utf8	patch:patches/deserialize_byte_buf_bypasses_utf8_9e644e6_1.patch	
rust-decimal	AbsSubDifference	abs_sub_returns_abs	patch:patches/abs_sub_returns_abs_dd711db_1.patch	
rust-decimal	FromI128Extremes	from_i128_negation_overflow	patch:patches/from_i128_negation_overflow_6f7d295_1.patch	
rust-decimal	RoundDpPreservesWhenDpExceedsScale	round_dp_early_return_reorder	patch:patches/round_dp_early_return_reorder_c205456_1.patch	
rust-decimal	ScientificFmtRoundtrip	scientific_fmt_zero	patch:patches/scientific_fmt_zero_d0f2a64_1.patch	
rust-decimal	FromScientificNoPanic	scientific_scale_overflow	patch:patches/scientific_scale_overflow_722af9f_1.patch	
rust-decimal	CheckedDivNoPanic	div_remainder_overflow	patch:patches/div_remainder_overflow_a231fbf_1.patch	
semver	LessRejectsPrerelease	less_prerelease	patch:patches/less_prerelease_5742fc2_1.patch	
semver	ParseRejectsDigitAfterMinorWildcard	wildcard_patch_digit	patch:patches/wildcard_patch_digit_a5850bb_1.patch	
semver	VersionDebugOmitsEmpty	debug_omits_empty	patch:patches/debug_omits_empty_ae1b06c_1.patch	
simdutf8	BasicMatchesStd	incomplete_eof_basic	marauders:incomplete_eof_basic_8c24752_1	
simdutf8	CompatMatchesStd	incomplete_eof_compat	marauders:incomplete_eof_compat_8c24752_2	
slotmap	KeyDataDebugFormat	kd_debug_null_format	marauders:kd_debug_null_format_226c22a_1	
slotmap	SparseSecondaryNullInsertIgnored	sparse_secondary_null_insert_guard	marauders:sparse_secondary_null_insert_guard_2d49bbd_1	
slotmap	SecondaryEntryDoesNotDoubleCount	vacant_entry_insert_no_double_count	marauders:vacant_entry_insert_no_double_count_bd32b7d_1	
slotmap	SlotmapCloneFromDropsOverwrittenSlot	slot_clone_from_drops_occupied	marauders:slot_clone_from_drops_occupied_5c3fb22_1	
smallvec	LeakInlinePanics	leak_inline_panic	patch:patches/leak_inline_panic_3395246_1.patch	etna
smallvec	AppendPreservesLength	append_set_len	patch:patches/append_set_len_1bd2dbc_1.patch	etna
smallvec	FromVecZeroCapacity	from_vec_zero_capacity	patch:patches/from_vec_zero_capacity_944f603_1.patch	etna
tinyvec	ArrayvecDebugMatchesSlice	debug_alternate_empty	marauders:debug_alternate_empty_a711c72_1	etna
tinyvec	RemovePastEndPanics	remove_past_end_silent	marauders:remove_past_end_silent_fd3c92c_1	etna
tinyvec	SwapRemoveLastReturnsTail	swap_remove_last	marauders:swap_remove_last_71ad62a_1	etna
tinyvec	DrainMatchesSliceRange	drain_end_off_by_one	marauders:drain_end_off_by_one_9117614_1	etna
unicode-segmentation	GraphemeNextBoundaryEmptyChunk	grapheme_next_boundary_unwrap	patch:patches/grapheme_next_boundary_unwrap_0f55f70_1.patch	etna
unicode-segmentation	GraphemePrevBoundaryChunkStart	grapheme_prev_boundary_chunk_start	patch:patches/grapheme_prev_boundary_chunk_start_fb5d7b6_1.patch	etna
unicode-segmentation	AsciiWordBoundIndicesMatch	ascii_word_bound_drop_apostrophe	patch:patches/ascii_word_bound_drop_apostrophe_af87c8d_1.patch	etna
uuid	FromToFieldsLeRoundtrip	to_fields_le_byte_swap	patch:patches/to_fields_le_byte_swap_0a096d4_1.patch	v7
uuid	V7EncodeByteLayout	v7_random_bytes_order	patch:patches/v7_random_bytes_order_3af4733_1.patch	v7
uuid	VersionMaxRequiresAllOnes	version_max_guard	patch:patches/version_max_guard_0ed83cf_1.patch	v7
